{
	"class_name" : "PoseGraph",
	"edges" : 
	[
		{
			"class_name" : "PoseGraphEdge",
			"confidence" : 1.0,
			"information" : 
			[
				9.0000374964972423,
				-1.5904417868097711e-15,
				-1.7316718838831111e-07,
				0.0,
				-2.3905030492705919,
				2.9806540275956195e-06,
				-1.5904417868097711e-15,
				9.0000374973213599,
				-3.5564187346931373e-11,
				2.3905030492705919,
				0.0,
				-0.01103941304764966,
				-1.7316718838831111e-07,
				-3.5564187346931373e-11,
				9.0000000008246346,
				-2.9806540275956195e-06,
				0.01103941304764966,
				0.0,
				0.0,
				2.3905030492705919,
				-2.9806540275956195e-06,
				152412.0,
				0.0,
				0.0,
				-2.3905030492705919,
				0.0,
				0.01103941304764966,
				0.0,
				152412.0,
				0.0,
				2.9806540275956195e-06,
				-0.01103941304764966,
				0.0,
				0.0,
				0.0,
				152412.0
			],
			"source_node_id" : 0,
			"target_node_id" : 1,
			"transformation" : 
			[
				0.95812539376780193,
				-0.22754023572431037,
				-0.17384237384429646,
				0.0,
				0.22901702038348248,
				0.97335102315072453,
				-0.011789406520630374,
				0.0,
				0.17189221678705063,
				-0.028517132709344532,
				0.98470291913351793,
				0.0,
				1.3151194776296082e-06,
				1.1419416307241896e-05,
				1.2892272668574378e-06,
				1.0
			],
			"uncertain" : false,
			"version_major" : 1,
			"version_minor" : 0
		},
		{
			"class_name" : "PoseGraphEdge",
			"confidence" : 1.0,
			"information" : 
			[
				9.000005032175423,
				-2.7413946013708525e-14,
				-2.2252178466993828e-08,
				0.0,
				-0.32080785764355824,
				1.0933403302715305e-06,
				-2.7413946013708525e-14,
				9.0000050322751832,
				-1.6486878605619517e-11,
				0.32080785764355824,
				0.0,
				-0.0014185783466338364,
				-2.2252178466993828e-08,
				-1.6486878605619517e-11,
				9.0000000000998615,
				-1.0933403302715305e-06,
				0.0014185783466338364,
				0.0,
				0.0,
				0.32080785764355824,
				-1.0933403302715305e-06,
				20461.0,
				0.0,
				0.0,
				-0.32080785764355824,
				0.0,
				0.0014185783466338364,
				0.0,
				20461.0,
				0.0,
				1.0933403302715305e-06,
				-0.0014185783466338364,
				0.0,
				0.0,
				0.0,
				20461.0
			],
			"source_node_id" : 1,
			"target_node_id" : 2,
			"transformation" : 
			[
				0.001694453998433964,
				-0.72825182508100628,
				0.68530752811553897,
				0.0,
				0.072912745204636614,
				0.68357441095265536,
				0.72622982331866115,
				0.0,
				-0.99733688411307198,
				0.048737090156403463,
				0.054257125160808925,
				0.0,
				-6.6900729701317658e-06,
				8.4066654244433017e-06,
				1.3886434231116385e-05,
				1.0
			],
			"uncertain" : false,
			"version_major" : 1,
			"version_minor" : 0
		},
		{
			"class_name" : "PoseGraphEdge",
			"confidence" : 1.0,
			"information" : 
			[
				9.0000068642342157,
				0.0,
				0.0,
				0.0,
				-0.47120589321002626,
				0.0021591128743665422,
				0.0,
				9.0000068640900022,
				-3.1317387074992442e-08,
				0.47120589321002626,
				0.0,
				0.0,
				0.0,
				-3.1317387074992442e-08,
				9.0000000001442118,
				-0.0021591128743665422,
				0.0,
				0.0,
				0.0,
				0.47120589321002626,
				-0.0021591128743665422,
				32400.0,
				0.0,
				0.0,
				-0.47120589321002626,
				0.0,
				0.0,
				0.0,
				32400.0,
				0.0,
				0.0021591128743665422,
				0.0,
				0.0,
				0.0,
				0.0,
				32400.0
			],
			"source_node_id" : 2,
			"target_node_id" : 3,
			"transformation" : 
			[
				0.99898276704693278,
				-0.01431863204440347,
				0.042759886805641328,
				0.0,
				-0.041625351724433692,
				0.071873696587336694,
				0.99654478164941984,
				0.0,
				-0.017342469174586077,
				-0.99731095878629972,
				0.071204566199648392,
				0.0,
				-2.3671611733246546e-06,
				2.09898960619308e-05,
				7.8516407607121014e-06,
				1.0
			],
			"uncertain" : false,
			"version_major" : 1,
			"version_minor" : 0
		}
	],
	"nodes" : 
	[
		{
			"class_name" : "PoseGraphNode",
			"pose" : 
			[
				1.0,
				0.0,
				0.0,
				0.0,
				0.0,
				1.0,
				0.0,
				0.0,
				0.0,
				0.0,
				1.0,
				0.0,
				0.0,
				0.0,
				0.0,
				1.0
			],
			"version_major" : 1,
			"version_minor" : 0
		},
		{
			"class_name" : "PoseGraphNode",
			"pose" : 
			[
				0.95812539376780148,
				0.22901702038348248,
				0.17189221678705066,
				0.0,
				-0.2275402357243104,
				0.97335102315072519,
				-0.028517132709344552,
				0.0,
				-0.17384237384429629,
				-0.011789406520630366,
				0.9847029191335176,
				0.0,
				1.5624496395235729e-06,
				-1.1401086066306527e-05,
				-1.1699156451537563e-06,
				1.0
			],
			"version_major" : 1,
			"version_minor" : 0
		},
		{
			"class_name" : "PoseGraphNode",
			"pose" : 
			[
				0.15841232762999152,
				0.083115763916387336,
				-0.98386854012283742,
				0.0,
				-0.86176982071818609,
				0.4980012078630498,
				-0.096682847839154762,
				0.0,
				0.48193185260386517,
				0.86318397040001837,
				0.15051618746921311,
				0.0,
				3.174535251333265e-06,
				-2.7018112510524715e-05,
				-9.0294207555360299e-06,
				1.0
			],
			"version_major" : 1,
			"version_minor" : 0
		},
		{
			"class_name" : "PoseGraphNode",
			"pose" : 
			[
				0.18576476898501715,
				0.047331998987260933,
				-0.98145358141677408,
				0.0,
				-0.54484274844307234,
				-0.82625974945513936,
				-0.14297274530248702,
				0.0,
				-0.81770277611913555,
				0.56129716577068212,
				-0.12770145506162836,
				0.0,
				2.1470771506887469e-05,
				-1.3970067484683137e-05,
				-7.3490305535340115e-06,
				1.0
			],
			"version_major" : 1,
			"version_minor" : 0
		}
	],
	"version_major" : 1,
	"version_minor" : 0
}