{
	"class_name" : "PoseGraph",
	"edges" : 
	[
		{
			"class_name" : "PoseGraphEdge",
			"confidence" : 1.0,
			"information" : 
			[
				9.0,
				0.0,
				0.0,
				0.0,
				0.0,
				0.0,
				0.0,
				9.0,
				0.0,
				0.0,
				0.0,
				0.0,
				0.0,
				0.0,
				9.0,
				0.0,
				0.0,
				0.0,
				0.0,
				0.0,
				0.0,
				9.0,
				0.0,
				0.0,
				0.0,
				0.0,
				0.0,
				0.0,
				9.0,
				0.0,
				0.0,
				0.0,
				0.0,
				0.0,
				0.0,
				9.0
			],
			"source_node_id" : 0,
			"target_node_id" : 1,
			"transformation" : 
			[
				0.99902403035436993,
				0.0038086880347409837,
				-0.044005461819698374,
				0.0,
				-0.0023644954099010535,
				0.99945834887686402,
				0.032824046395735197,
				0.0,
				0.04410664276463884,
				-0.032687960410322951,
				0.99849191349166455,
				0.0,
				-1.6603004852501834e-07,
				1.1555866221450437e-07,
				1.1662400430082621e-07,
				1.0
			],
			"uncertain" : false,
			"version_major" : 1,
			"version_minor" : 0
		},
		{
			"class_name" : "PoseGraphEdge",
			"confidence" : 1.0,
			"information" : 
			[
				9.0,
				0.0,
				0.0,
				0.0,
				0.0,
				0.0,
				0.0,
				9.0,
				0.0,
				0.0,
				0.0,
				0.0,
				0.0,
				0.0,
				9.0,
				0.0,
				0.0,
				0.0,
				0.0,
				0.0,
				0.0,
				9.0,
				0.0,
				0.0,
				0.0,
				0.0,
				0.0,
				0.0,
				9.0,
				0.0,
				0.0,
				0.0,
				0.0,
				0.0,
				0.0,
				9.0
			],
			"source_node_id" : 1,
			"target_node_id" : 2,
			"transformation" : 
			[
				0.99992012885350268,
				-0.01186952326788805,
				-0.0043416967867058965,
				0.0,
				0.011856759355364272,
				0.99992534318378179,
				-0.0029538646524772572,
				0.0,
				0.0043764336146695877,
				0.0029021502699269354,
				0.99998621208126026,
				0.0,
				-6.9192353781849314e-08,
				-4.9767111653670089e-10,
				-2.6409006897953733e-08,
				1.0
			],
			"uncertain" : false,
			"version_major" : 1,
			"version_minor" : 0
		},
		{
			"class_name" : "PoseGraphEdge",
			"confidence" : 1.0,
			"information" : 
			[
				9.0000005540497519,
				-1.8840084661202071e-07,
				-4.2600161521170102e-07,
				0.0,
				-0.11390980907299308,
				0.050299566534221185,
				-1.8840084661202071e-07,
				9.0000008549782748,
				-1.9725321101550938e-07,
				0.11390980907299308,
				0.0,
				-0.10863040696631288,
				-4.2600161521170102e-07,
				-1.9725321101550938e-07,
				9.0000005156114771,
				-0.050299566534221185,
				0.10863040696631288,
				0.0,
				0.0,
				0.11390980907299308,
				-0.050299566534221185,
				29056.0,
				0.0,
				0.0,
				-0.11390980907299308,
				0.0,
				0.10863040696631288,
				0.0,
				29056.0,
				0.0,
				0.050299566534221185,
				-0.10863040696631288,
				0.0,
				0.0,
				0.0,
				29056.0
			],
			"source_node_id" : 2,
			"target_node_id" : 3,
			"transformation" : 
			[
				1.0,
				0.0,
				0.0,
				0.0,
				0.0,
				1.0,
				0.0,
				0.0,
				0.0,
				0.0,
				1.0,
				0.0,
				0.0,
				0.0,
				0.0,
				1.0
			],
			"uncertain" : false,
			"version_major" : 1,
			"version_minor" : 0
		}
	],
	"nodes" : 
	[
		{
			"class_name" : "PoseGraphNode",
			"pose" : 
			[
				1.0,
				0.0,
				0.0,
				0.0,
				0.0,
				1.0,
				0.0,
				0.0,
				0.0,
				0.0,
				1.0,
				0.0,
				0.0,
				0.0,
				0.0,
				1.0
			],
			"version_major" : 1,
			"version_minor" : 0
		},
		{
			"class_name" : "PoseGraphNode",
			"pose" : 
			[
				0.99902403035436993,
				-0.0023644954099010531,
				0.044106642764638833,
				0.0,
				0.0038086880347409837,
				0.99945834887686391,
				-0.032687960410322951,
				0.0,
				-0.044005461819698374,
				0.03282404639573519,
				0.99849191349166455,
				0.0,
				1.7055997451182871e-07,
				-1.1971671875099759e-07,
				-1.0534772019936584e-07,
				1.0
			],
			"version_major" : 1,
			"version_minor" : 0
		},
		{
			"class_name" : "PoseGraphNode",
			"pose" : 
			[
				0.99879680887483802,
				0.0096296828334166834,
				0.048085380210290886,
				0.0,
				-0.0081772457461504501,
				0.99950705824698627,
				-0.030311271277573663,
				0.0,
				-0.048353564847356381,
				0.029881595054203482,
				0.99838320450795304,
				0.0,
				2.3838803746106349e-07,
				-1.1776384928600839e-07,
				-7.5669355669689346e-08,
				1.0
			],
			"version_major" : 1,
			"version_minor" : 0
		},
		{
			"class_name" : "PoseGraphNode",
			"pose" : 
			[
				0.99879680887483802,
				0.0096296828334166834,
				0.048085380210290886,
				0.0,
				-0.0081772457461504501,
				0.99950705824698627,
				-0.030311271277573663,
				0.0,
				-0.048353564847356381,
				0.029881595054203482,
				0.99838320450795304,
				0.0,
				2.3838803746106349e-07,
				-1.1776384928600839e-07,
				-7.5669355669689346e-08,
				1.0
			],
			"version_major" : 1,
			"version_minor" : 0
		}
	],
	"version_major" : 1,
	"version_minor" : 0
}