{
	"width" : 480,
	"height" : 360,
	"intrinsic_matrix" :
	[
		451.984580,
		0.000000,
		239.785335,
		0.000000,
		451.933982,
		179.271315,
		0.000000,
		0.000000,
		1.000000
	]
}
