{
	"class_name" : "PoseGraph",
	"edges" : 
	[
		{
			"class_name" : "PoseGraphEdge",
			"confidence" : 1.0,
			"information" : 
			[
				9.0,
				0.0,
				0.0,
				0.0,
				0.0,
				0.0,
				0.0,
				9.0,
				0.0,
				0.0,
				0.0,
				0.0,
				0.0,
				0.0,
				9.0,
				0.0,
				0.0,
				0.0,
				0.0,
				0.0,
				0.0,
				9.0,
				0.0,
				0.0,
				0.0,
				0.0,
				0.0,
				0.0,
				9.0,
				0.0,
				0.0,
				0.0,
				0.0,
				0.0,
				0.0,
				9.0
			],
			"source_node_id" : 0,
			"target_node_id" : 1,
			"transformation" : 
			[
				1.0,
				0.0,
				0.0,
				0.0,
				0.0,
				1.0,
				0.0,
				0.0,
				0.0,
				0.0,
				1.0,
				0.0,
				0.0,
				0.0,
				0.0,
				1.0
			],
			"uncertain" : false,
			"version_major" : 1,
			"version_minor" : 0
		},
		{
			"class_name" : "PoseGraphEdge",
			"confidence" : 1.0,
			"information" : 
			[
				9.0,
				0.0,
				0.0,
				0.0,
				0.0,
				0.0,
				0.0,
				9.0,
				0.0,
				0.0,
				0.0,
				0.0,
				0.0,
				0.0,
				9.0,
				0.0,
				0.0,
				0.0,
				0.0,
				0.0,
				0.0,
				9.0,
				0.0,
				0.0,
				0.0,
				0.0,
				0.0,
				0.0,
				9.0,
				0.0,
				0.0,
				0.0,
				0.0,
				0.0,
				0.0,
				9.0
			],
			"source_node_id" : 1,
			"target_node_id" : 2,
			"transformation" : 
			[
				0.99895140543510397,
				-0.045639633248517414,
				0.0036212506363610497,
				0.0,
				0.045424886890175917,
				0.99790546261814317,
				0.046057217978123018,
				0.0,
				-0.0057157003285026754,
				-0.045844427729119251,
				0.99893223955178478,
				0.0,
				-0.087598389055462092,
				0.085554906880898937,
				-0.074567120818992999,
				1.0
			],
			"uncertain" : false,
			"version_major" : 1,
			"version_minor" : 0
		}
	],
	"nodes" : 
	[
		{
			"class_name" : "PoseGraphNode",
			"pose" : 
			[
				1.0,
				0.0,
				0.0,
				0.0,
				0.0,
				1.0,
				0.0,
				0.0,
				0.0,
				0.0,
				1.0,
				0.0,
				0.0,
				0.0,
				0.0,
				1.0
			],
			"version_major" : 1,
			"version_minor" : 0
		},
		{
			"class_name" : "PoseGraphNode",
			"pose" : 
			[
				1.0,
				0.0,
				0.0,
				0.0,
				0.0,
				1.0,
				0.0,
				0.0,
				0.0,
				0.0,
				1.0,
				0.0,
				0.0,
				0.0,
				0.0,
				1.0
			],
			"version_major" : 1,
			"version_minor" : 0
		},
		{
			"class_name" : "PoseGraphNode",
			"pose" : 
			[
				0.99895140543510397,
				0.045424886890175917,
				-0.0057157003285026762,
				0.0,
				-0.045639633248517414,
				0.99790546261814317,
				-0.045844427729119244,
				0.0,
				0.0036212506363610488,
				0.046057217978123025,
				0.99893223955178467,
				0.0,
				0.091681254667177567,
				-0.077962207878068235,
				0.077909030600917473,
				1.0
			],
			"version_major" : 1,
			"version_minor" : 0
		}
	],
	"version_major" : 1,
	"version_minor" : 0
}